Workbook

Sheet Guide
A1: Service Operations Planning Model
A3: What this is | B3: A demand forecast and workforce capacity model for a simulated financial services customer operations team (telephony and back-office cases).
A4: Data | B4: SIMULATED. All volumes, handling times, staffing levels and the provider cap are illustrative assumptions, not real organisational data.
A5: Forecast | B5: The 13-week forecast on the Forecast tab comes from the Python model (Holt-Winters). Re-run forecast_and_capacity.py to refresh it.
A6: Capacity | B6: The Capacity tab converts forecast demand into workload hours and required FTE for three scenarios, using the Assumptions tab. Everything there is a live formula.
A7: How to use | B7: Change the blue cells on the Assumptions tab (yellow = key levers) and watch Capacity and Dashboard update. Pick a scenario (1, 2 or 3) on the Dashboard.
A8: Colour code | B8: Blue text = input. Black text = formula. Green text = link from another sheet. Yellow fill = key assumption or selector.
A9: Scenarios | B9: 1 Base (BAU only). 2 Base plus a planned change project adding cases. 3 Scenario 2 plus a volume uplift and higher absence in peak weeks.
A10: Method | B10: Required FTE = workload hours / productive hours per FTE. Productive hours = contracted hours x (1 - shrinkage) x occupancy.
A11: Gap options | B11: A shortfall is first covered by overtime (up to the overtime cap per FTE); any remainder is shown as temporary or recruited FTE needed.

Sheet Dashboard
A1: Dashboard: demand, capacity and scenario view
A3: Select scenario (1, 2 or 3) | B3: 2 | C3: =INDEX(Capacity!$B$2:$B$40,(B3-1)*13+1) -> 2 Base + change project
A5: All scenarios at a glance
A6: Scenario | B6: Peak required FTE | C6: Weeks short | D6: Peak gap (FTE) | E6: Max temp / recruit FTE after overtime | F6: Weeks provider over cap
A7: 1 Base (BAU only) | B7: =SUMPRODUCT(MAX((Capacity!$A$2:$A$40=1)*Capacity!$O$2:$O$40)) -> 65.434174 | C7: =COUNTIFS(Capacity!$A$2:$A$40,1,Capacity!$Q$2:$Q$40,">0") -> 1 | D7: =SUMPRODUCT(MAX((Capacity!$A$2:$A$40=1)*Capacity!$Q$2:$Q$40)) -> 3.3091737 | E7: =SUMPRODUCT(MAX((Capacity!$A$2:$A$40=1)*Capacity!$T$2:$T$40)) -> 0 | F7: =SUMIFS(Capacity!$V$2:$V$40,Capacity!$A$2:$A$40,1) -> 0
A8: 2 Base + change project | B8: =SUMPRODUCT(MAX((Capacity!$A$2:$A$40=2)*Capacity!$O$2:$O$40)) -> 68.453782 | C8: =COUNTIFS(Capacity!$A$2:$A$40,2,Capacity!$Q$2:$Q$40,">0") -> 4 | D8: =SUMPRODUCT(MAX((Capacity!$A$2:$A$40=2)*Capacity!$Q$2:$Q$40)) -> 6.3287815 | E8: =SUMPRODUCT(MAX((Capacity!$A$2:$A$40=2)*Capacity!$T$2:$T$40)) -> 0 | F8: =SUMIFS(Capacity!$V$2:$V$40,Capacity!$A$2:$A$40,2) -> 3
A9: 3 Change + peak + absence | B9: =SUMPRODUCT(MAX((Capacity!$A$2:$A$40=3)*Capacity!$O$2:$O$40)) -> 81.091403 | C9: =COUNTIFS(Capacity!$A$2:$A$40,3,Capacity!$Q$2:$Q$40,">0") -> 6 | D9: =SUMPRODUCT(MAX((Capacity!$A$2:$A$40=3)*Capacity!$Q$2:$Q$40)) -> 18.966403 | E9: =SUMPRODUCT(MAX((Capacity!$A$2:$A$40=3)*Capacity!$T$2:$T$40)) -> 7 | F9: =SUMIFS(Capacity!$V$2:$V$40,Capacity!$A$2:$A$40,3) -> 4
A11: Selected scenario: week by week
A12: Week start | B12: Required FTE | C12: Available FTE | D12: Gap FTE | E12: Temp / recruit FTE needed | F12: Provider cases | G12: Provider cap
A13: =INDEX(Capacity!$D$2:$D$40,($B$3-1)*13+1) -> 46300 | B13: =INDEX(Capacity!$O$2:$O$40,($B$3-1)*13+1) -> 59.020355 | C13: =INDEX(Capacity!$P$2:$P$40,($B$3-1)*13+1) -> 64.125 | D13: =INDEX(Capacity!$Q$2:$Q$40,($B$3-1)*13+1) -> 0 | E13: =INDEX(Capacity!$T$2:$T$40,($B$3-1)*13+1) -> 0 | F13: =INDEX(Capacity!$U$2:$U$40,($B$3-1)*13+1) -> 713.75 | G13: =PROV_CAP -> 800
A14: =INDEX(Capacity!$D$2:$D$40,($B$3-1)*13+2) -> 46307 | B14: =INDEX(Capacity!$O$2:$O$40,($B$3-1)*13+2) -> 60.030626 | C14: =INDEX(Capacity!$P$2:$P$40,($B$3-1)*13+2) -> 64.125 | D14: =INDEX(Capacity!$Q$2:$Q$40,($B$3-1)*13+2) -> 0 | E14: =INDEX(Capacity!$T$2:$T$40,($B$3-1)*13+2) -> 0 | F14: =INDEX(Capacity!$U$2:$U$40,($B$3-1)*13+2) -> 730 | G14: =PROV_CAP -> 800
A15: =INDEX(Capacity!$D$2:$D$40,($B$3-1)*13+3) -> 46314 | B15: =INDEX(Capacity!$O$2:$O$40,($B$3-1)*13+3) -> 61.657143 | C15: =INDEX(Capacity!$P$2:$P$40,($B$3-1)*13+3) -> 64.125 | D15: =INDEX(Capacity!$Q$2:$Q$40,($B$3-1)*13+3) -> 0 | E15: =INDEX(Capacity!$T$2:$T$40,($B$3-1)*13+3) -> 0 | F15: =INDEX(Capacity!$U$2:$U$40,($B$3-1)*13+3) -> 748.25 | G15: =PROV_CAP -> 800
A16: =INDEX(Capacity!$D$2:$D$40,($B$3-1)*13+4) -> 46321 | B16: =INDEX(Capacity!$O$2:$O$40,($B$3-1)*13+4) -> 62.891877 | C16: =INDEX(Capacity!$P$2:$P$40,($B$3-1)*13+4) -> 64.125 | D16: =INDEX(Capacity!$Q$2:$Q$40,($B$3-1)*13+4) -> 0 | E16: =INDEX(Capacity!$T$2:$T$40,($B$3-1)*13+4) -> 0 | F16: =INDEX(Capacity!$U$2:$U$40,($B$3-1)*13+4) -> 756.75 | G16: =PROV_CAP -> 800
A17: =INDEX(Capacity!$D$2:$D$40,($B$3-1)*13+5) -> 46328 | B17: =INDEX(Capacity!$O$2:$O$40,($B$3-1)*13+5) -> 63.840523 | C17: =INDEX(Capacity!$P$2:$P$40,($B$3-1)*13+5) -> 62.125 | D17: =INDEX(Capacity!$Q$2:$Q$40,($B$3-1)*13+5) -> 1.7155229 | E17: =INDEX(Capacity!$T$2:$T$40,($B$3-1)*13+5) -> 0 | F17: =INDEX(Capacity!$U$2:$U$40,($B$3-1)*13+5) -> 799.75 | G17: =PROV_CAP -> 800
A18: =INDEX(Capacity!$D$2:$D$40,($B$3-1)*13+6) -> 46335 | B18: =INDEX(Capacity!$O$2:$O$40,($B$3-1)*13+6) -> 64.804482 | C18: =INDEX(Capacity!$P$2:$P$40,($B$3-1)*13+6) -> 62.125 | D18: =INDEX(Capacity!$Q$2:$Q$40,($B$3-1)*13+6) -> 2.6794818 | E18: =INDEX(Capacity!$T$2:$T$40,($B$3-1)*13+6) -> 0 | F18: =INDEX(Capacity!$U$2:$U$40,($B$3-1)*13+6) -> 821 | G18: =PROV_CAP -> 800
A19: =INDEX(Capacity!$D$2:$D$40,($B$3-1)*13+7) -> 46342 | B19: =INDEX(Capacity!$O$2:$O$40,($B$3-1)*13+7) -> 66.386928 | C19: =INDEX(Capacity!$P$2:$P$40,($B$3-1)*13+7) -> 62.125 | D19: =INDEX(Capacity!$Q$2:$Q$40,($B$3-1)*13+7) -> 4.2619281 | E19: =INDEX(Capacity!$T$2:$T$40,($B$3-1)*13+7) -> 0 | F19: =INDEX(Capacity!$U$2:$U$40,($B$3-1)*13+7) -> 845.25 | G19: =PROV_CAP -> 800
A20: =INDEX(Capacity!$D$2:$D$40,($B$3-1)*13+8) -> 46349 | B20: =INDEX(Capacity!$O$2:$O$40,($B$3-1)*13+8) -> 68.453782 | C20: =INDEX(Capacity!$P$2:$P$40,($B$3-1)*13+8) -> 62.125 | D20: =INDEX(Capacity!$Q$2:$Q$40,($B$3-1)*13+8) -> 6.3287815 | E20: =INDEX(Capacity!$T$2:$T$40,($B$3-1)*13+8) -> 0 | F20: =INDEX(Capacity!$U$2:$U$40,($B$3-1)*13+8) -> 848.25 | G20: =PROV_CAP -> 800
A21: =INDEX(Capacity!$D$2:$D$40,($B$3-1)*13+9) -> 46356 | B21: =INDEX(Capacity!$O$2:$O$40,($B$3-1)*13+9) -> 58.880672 | C21: =INDEX(Capacity!$P$2:$P$40,($B$3-1)*13+9) -> 65.125 | D21: =INDEX(Capacity!$Q$2:$Q$40,($B$3-1)*13+9) -> 0 | E21: =INDEX(Capacity!$T$2:$T$40,($B$3-1)*13+9) -> 0 | F21: =INDEX(Capacity!$U$2:$U$40,($B$3-1)*13+9) -> 734.25 | G21: =PROV_CAP -> 800
A22: =INDEX(Capacity!$D$2:$D$40,($B$3-1)*13+10) -> 46363 | B22: =INDEX(Capacity!$O$2:$O$40,($B$3-1)*13+10) -> 57.018861 | C22: =INDEX(Capacity!$P$2:$P$40,($B$3-1)*13+10) -> 65.125 | D22: =INDEX(Capacity!$Q$2:$Q$40,($B$3-1)*13+10) -> 0 | E22: =INDEX(Capacity!$T$2:$T$40,($B$3-1)*13+10) -> 0 | F22: =INDEX(Capacity!$U$2:$U$40,($B$3-1)*13+10) -> 698.5 | G22: =PROV_CAP -> 800
A23: =INDEX(Capacity!$D$2:$D$40,($B$3-1)*13+11) -> 46370 | B23: =INDEX(Capacity!$O$2:$O$40,($B$3-1)*13+11) -> 57.853968 | C23: =INDEX(Capacity!$P$2:$P$40,($B$3-1)*13+11) -> 65.125 | D23: =INDEX(Capacity!$Q$2:$Q$40,($B$3-1)*13+11) -> 0 | E23: =INDEX(Capacity!$T$2:$T$40,($B$3-1)*13+11) -> 0 | F23: =INDEX(Capacity!$U$2:$U$40,($B$3-1)*13+11) -> 692 | G23: =PROV_CAP -> 800
A24: =INDEX(Capacity!$D$2:$D$40,($B$3-1)*13+12) -> 46377 | B24: =INDEX(Capacity!$O$2:$O$40,($B$3-1)*13+12) -> 55.414006 | C24: =INDEX(Capacity!$P$2:$P$40,($B$3-1)*13+12) -> 65.125 | D24: =INDEX(Capacity!$Q$2:$Q$40,($B$3-1)*13+12) -> 0 | E24: =INDEX(Capacity!$T$2:$T$40,($B$3-1)*13+12) -> 0 | F24: =INDEX(Capacity!$U$2:$U$40,($B$3-1)*13+12) -> 664.25 | G24: =PROV_CAP -> 800
A25: =INDEX(Capacity!$D$2:$D$40,($B$3-1)*13+13) -> 46384 | B25: =INDEX(Capacity!$O$2:$O$40,($B$3-1)*13+13) -> 49.447619 | C25: =INDEX(Capacity!$P$2:$P$40,($B$3-1)*13+13) -> 65.125 | D25: =INDEX(Capacity!$Q$2:$Q$40,($B$3-1)*13+13) -> 0 | E25: =INDEX(Capacity!$T$2:$T$40,($B$3-1)*13+13) -> 0 | F25: =INDEX(Capacity!$U$2:$U$40,($B$3-1)*13+13) -> 590 | G25: =PROV_CAP -> 800

Sheet Assumptions
A1: Assumptions (all illustrative)
A3: Assumption | B3: Value | C3: Note
A4: Average handling time per call (min) | B4: 7 | C4: Assumed
A5: Average handling time per back-office case (min) | B5: 22 | C5: Assumed
A6: Contracted hours per FTE per week | B6: 37.5 | C6: Standard 37.5 hour week
A7: Shrinkage (holidays, sickness, training, meetings) | B7: 0.3 | C7: Assumed
A8: Occupancy (share of productive time on work) | B8: 0.85 | C8: Assumed
A9: Share of cases routed to outsourced provider | B9: 0.25 | C9: Assumed
A10: Provider contracted weekly volume (cases) | B10: 800 | C10: Assumed contract limit
A11: Maximum overtime hours per FTE per week | B11: 4 | C11: Assumed
A12: Change project: peak extra cases per week | B12: 350 | C12: Scaled by the ramp column below
A13: Scenario 3: extra volume in peak weeks | B13: 0.1 | C13: Stress assumption
A14: Scenario 3: shrinkage in peak weeks | B14: 0.35 | C14: Winter absence stress assumption
A15: Starting in-house FTE available | B15: 64.125 | C15: Average of last 4 weeks of simulated history
A16: Productive hours per FTE per week | B16: =CONTRACT_HRS*(1-SHRINK)*OCC -> 22.3125 | C16: Formula: contracted hours x (1 - shrinkage) x occupancy
A20: Weekly profile for the forecast horizon
A21: Week no | B21: Week start | C21: Change project ramp | D21: Peak week (1 = yes) | E21: Planned FTE change | F21: Available FTE
A22: 1 | B22: =INDEX(Forecast!$B$2:$B$14,A22) -> 46300 | C22: 0 | D22: 0 | E22: 0 | F22: =START_FTE+E22 -> 64.125
A23: 2 | B23: =INDEX(Forecast!$B$2:$B$14,A23) -> 46307 | C23: 0 | D23: 0 | E23: 0 | F23: =F22+E23 -> 64.125
A24: 3 | B24: =INDEX(Forecast!$B$2:$B$14,A24) -> 46314 | C24: 0 | D24: 0 | E24: 0 | F24: =F23+E24 -> 64.125
A25: 4 | B25: =INDEX(Forecast!$B$2:$B$14,A25) -> 46321 | C25: 0.4 | D25: 0 | E25: 0 | F25: =F24+E25 -> 64.125
A26: 5 | B26: =INDEX(Forecast!$B$2:$B$14,A26) -> 46328 | C26: 0.8 | D26: 0 | E26: -2 | F26: =F25+E26 -> 62.125
A27: 6 | B27: =INDEX(Forecast!$B$2:$B$14,A27) -> 46335 | C27: 1 | D27: 1 | E27: 0 | F27: =F26+E27 -> 62.125
A28: 7 | B28: =INDEX(Forecast!$B$2:$B$14,A28) -> 46342 | C28: 1 | D28: 1 | E28: 0 | F28: =F27+E28 -> 62.125
A29: 8 | B29: =INDEX(Forecast!$B$2:$B$14,A29) -> 46349 | C29: 0.7 | D29: 1 | E29: 0 | F29: =F28+E29 -> 62.125
A30: 9 | B30: =INDEX(Forecast!$B$2:$B$14,A30) -> 46356 | C30: 0.3 | D30: 1 | E30: 3 | F30: =F29+E30 -> 65.125
A31: 10 | B31: =INDEX(Forecast!$B$2:$B$14,A31) -> 46363 | C31: 0 | D31: 1 | E31: 0 | F31: =F30+E31 -> 65.125
A32: 11 | B32: =INDEX(Forecast!$B$2:$B$14,A32) -> 46370 | C32: 0 | D32: 0 | E32: 0 | F32: =F31+E32 -> 65.125
A33: 12 | B33: =INDEX(Forecast!$B$2:$B$14,A33) -> 46377 | C33: 0 | D33: 0 | E33: 0 | F33: =F32+E33 -> 65.125
A34: 13 | B34: =INDEX(Forecast!$B$2:$B$14,A34) -> 46384 | C34: 0 | D34: 0 | E34: 0 | F34: =F33+E34 -> 65.125
A36: Planned FTE change: assumed leavers (negative) and trained hires (positive). Available FTE is cumulative.

Sheet Forecast
A1: Week no | B1: Week start | C1: Calls forecast | D1: Calls low (80%) | E1: Calls high (80%) | F1: Cases BAU forecast | G1: Cases low (80%) | H1: Cases high (80%)
A2: 1 | B2: 46300 | C2: 4558 | D2: 4315 | E2: 4800 | F2: 2855 | G2: 2627 | H2: 3084
A3: 2 | B3: 46307 | C3: 4598 | D3: 4355 | E3: 4840 | F3: 2920 | G3: 2691 | H3: 3149
A4: 3 | B4: 46314 | C4: 4737 | D4: 4494 | E4: 4979 | F4: 2993 | G4: 2765 | H4: 3222
A5: 4 | B5: 46321 | C5: 4893 | D5: 4650 | E5: 5135 | F5: 2887 | G5: 2658 | H5: 3115
A6: 5 | B6: 46328 | C6: 4669 | D6: 4427 | E6: 4912 | F6: 2919 | G6: 2690 | H6: 3147
A7: 6 | B7: 46335 | C7: 4653 | D7: 4410 | E7: 4896 | F7: 2934 | G7: 2705 | H7: 3162
A8: 7 | B8: 46342 | C8: 4727 | D8: 4484 | E8: 4969 | F8: 3031 | G8: 2802 | H8: 3260
A9: 8 | B9: 46349 | C9: 5094 | D9: 4851 | E9: 5336 | F9: 3148 | G9: 2919 | H9: 3376
A10: 9 | B10: 46356 | C10: 4338 | D10: 4095 | E10: 4580 | F10: 2832 | G10: 2603 | H10: 3060
A11: 10 | B11: 46363 | C11: 4319 | D11: 4076 | E11: 4561 | F11: 2794 | G11: 2565 | H11: 3022
A12: 11 | B12: 46370 | C12: 4540 | D12: 4298 | E12: 4783 | F12: 2768 | G12: 2539 | H12: 2996
A13: 12 | B13: 46377 | C13: 4335 | D13: 4093 | E13: 4578 | F13: 2657 | G13: 2428 | H13: 2885
A14: 13 | B14: 46384 | C14: 3894 | D14: 3651 | E14: 4136 | F14: 2360 | G14: 2131 | H14: 2588
A16: Source: Holt-Winters forecast from forecast_and_capacity.py (simulated data). Interval = forecast +/- 1.28 x holdout RMSE. Blue = values pasted from the Python model.

Sheet Capacity
A1: Scenario no | B1: Scenario | C1: Week no | D1: Week start | E1: Base calls | F1: Base cases (BAU) | G1: Change cases | H1: Peak week | I1: Volume uplift | J1: Shrinkage | K1: Calls | L1: Total cases | M1: Workload hours | N1: Productive hrs per FTE | O1: Required FTE | P1: Available FTE | Q1: Gap FTE | R1: Overtime hours available | S1: Residual hours after overtime | T1: Temp or recruit FTE needed | U1: Provider cases forecast | V1: Provider over cap (1 = yes)
A2: 1 | B2: 1 Base (BAU only) | C2: 1 | D2: =INDEX(Forecast!$B$2:$B$14,C2) -> 46300 | E2: =INDEX(Forecast!$C$2:$C$14,C2) -> 4558 | F2: =INDEX(Forecast!$F$2:$F$14,C2) -> 2855 | G2: =IF(A2>=2,CHANGE_CASES*INDEX(Assumptions!$C$22:$C$34,C2),0) -> 0 | H2: =IF(AND(A2=3,INDEX(Assumptions!$D$22:$D$34,C2)=1),1,0) -> 0 | I2: =1+H2*PEAK_UPLIFT -> 1 | J2: =IF(H2=1,PEAK_SHRINK,SHRINK) -> 0.3 | K2: =E2*I2 -> 4558 | L2: =(F2+G2)*I2 -> 2855 | M2: =K2*AHT_CALL/60+L2*(1-OUT_SHARE)*AHT_CASE/60 -> 1316.8917 | N2: =CONTRACT_HRS*(1-J2)*OCC -> 22.3125 | O2: =M2/N2 -> 59.020355 | P2: =INDEX(Assumptions!$F$22:$F$34,C2) -> 64.125 | Q2: =MAX(0,O2-P2) -> 0 | R2: =P2*OT_HRS -> 256.5 | S2: =MAX(0,Q2*N2-R2) -> 0 | T2: =IF(S2>0,ROUNDUP(S2/N2,0),0) -> 0 | U2: =L2*OUT_SHARE -> 713.75 | V2: =IF(U2>PROV_CAP,1,0) -> 0
A3: 1 | B3: 1 Base (BAU only) | C3: 2 | D3: =INDEX(Forecast!$B$2:$B$14,C3) -> 46307 | E3: =INDEX(Forecast!$C$2:$C$14,C3) -> 4598 | F3: =INDEX(Forecast!$F$2:$F$14,C3) -> 2920 | G3: =IF(A3>=2,CHANGE_CASES*INDEX(Assumptions!$C$22:$C$34,C3),0) -> 0 | H3: =IF(AND(A3=3,INDEX(Assumptions!$D$22:$D$34,C3)=1),1,0) -> 0 | I3: =1+H3*PEAK_UPLIFT -> 1 | J3: =IF(H3=1,PEAK_SHRINK,SHRINK) -> 0.3 | K3: =E3*I3 -> 4598 | L3: =(F3+G3)*I3 -> 2920 | M3: =K3*AHT_CALL/60+L3*(1-OUT_SHARE)*AHT_CASE/60 -> 1339.4333 | N3: =CONTRACT_HRS*(1-J3)*OCC -> 22.3125 | O3: =M3/N3 -> 60.030626 | P3: =INDEX(Assumptions!$F$22:$F$34,C3) -> 64.125 | Q3: =MAX(0,O3-P3) -> 0 | R3: =P3*OT_HRS -> 256.5 | S3: =MAX(0,Q3*N3-R3) -> 0 | T3: =IF(S3>0,ROUNDUP(S3/N3,0),0) -> 0 | U3: =L3*OUT_SHARE -> 730 | V3: =IF(U3>PROV_CAP,1,0) -> 0
A4: 1 | B4: 1 Base (BAU only) | C4: 3 | D4: =INDEX(Forecast!$B$2:$B$14,C4) -> 46314 | E4: =INDEX(Forecast!$C$2:$C$14,C4) -> 4737 | F4: =INDEX(Forecast!$F$2:$F$14,C4) -> 2993 | G4: =IF(A4>=2,CHANGE_CASES*INDEX(Assumptions!$C$22:$C$34,C4),0) -> 0 | H4: =IF(AND(A4=3,INDEX(Assumptions!$D$22:$D$34,C4)=1),1,0) -> 0 | I4: =1+H4*PEAK_UPLIFT -> 1 | J4: =IF(H4=1,PEAK_SHRINK,SHRINK) -> 0.3 | K4: =E4*I4 -> 4737 | L4: =(F4+G4)*I4 -> 2993 | M4: =K4*AHT_CALL/60+L4*(1-OUT_SHARE)*AHT_CASE/60 -> 1375.725 | N4: =CONTRACT_HRS*(1-J4)*OCC -> 22.3125 | O4: =M4/N4 -> 61.657143 | P4: =INDEX(Assumptions!$F$22:$F$34,C4) -> 64.125 | Q4: =MAX(0,O4-P4) -> 0 | R4: =P4*OT_HRS -> 256.5 | S4: =MAX(0,Q4*N4-R4) -> 0 | T4: =IF(S4>0,ROUNDUP(S4/N4,0),0) -> 0 | U4: =L4*OUT_SHARE -> 748.25 | V4: =IF(U4>PROV_CAP,1,0) -> 0
A5: 1 | B5: 1 Base (BAU only) | C5: 4 | D5: =INDEX(Forecast!$B$2:$B$14,C5) -> 46321 | E5: =INDEX(Forecast!$C$2:$C$14,C5) -> 4893 | F5: =INDEX(Forecast!$F$2:$F$14,C5) -> 2887 | G5: =IF(A5>=2,CHANGE_CASES*INDEX(Assumptions!$C$22:$C$34,C5),0) -> 0 | H5: =IF(AND(A5=3,INDEX(Assumptions!$D$22:$D$34,C5)=1),1,0) -> 0 | I5: =1+H5*PEAK_UPLIFT -> 1 | J5: =IF(H5=1,PEAK_SHRINK,SHRINK) -> 0.3 | K5: =E5*I5 -> 4893 | L5: =(F5+G5)*I5 -> 2887 | M5: =K5*AHT_CALL/60+L5*(1-OUT_SHARE)*AHT_CASE/60 -> 1364.775 | N5: =CONTRACT_HRS*(1-J5)*OCC -> 22.3125 | O5: =M5/N5 -> 61.166387 | P5: =INDEX(Assumptions!$F$22:$F$34,C5) -> 64.125 | Q5: =MAX(0,O5-P5) -> 0 | R5: =P5*OT_HRS -> 256.5 | S5: =MAX(0,Q5*N5-R5) -> 0 | T5: =IF(S5>0,ROUNDUP(S5/N5,0),0) -> 0 | U5: =L5*OUT_SHARE -> 721.75 | V5: =IF(U5>PROV_CAP,1,0) -> 0
A6: 1 | B6: 1 Base (BAU only) | C6: 5 | D6: =INDEX(Forecast!$B$2:$B$14,C6) -> 46328 | E6: =INDEX(Forecast!$C$2:$C$14,C6) -> 4669 | F6: =INDEX(Forecast!$F$2:$F$14,C6) -> 2919 | G6: =IF(A6>=2,CHANGE_CASES*INDEX(Assumptions!$C$22:$C$34,C6),0) -> 0 | H6: =IF(AND(A6=3,INDEX(Assumptions!$D$22:$D$34,C6)=1),1,0) -> 0 | I6: =1+H6*PEAK_UPLIFT -> 1 | J6: =IF(H6=1,PEAK_SHRINK,SHRINK) -> 0.3 | K6: =E6*I6 -> 4669 | L6: =(F6+G6)*I6 -> 2919 | M6: =K6*AHT_CALL/60+L6*(1-OUT_SHARE)*AHT_CASE/60 -> 1347.4417 | N6: =CONTRACT_HRS*(1-J6)*OCC -> 22.3125 | O6: =M6/N6 -> 60.389542 | P6: =INDEX(Assumptions!$F$22:$F$34,C6) -> 62.125 | Q6: =MAX(0,O6-P6) -> 0 | R6: =P6*OT_HRS -> 248.5 | S6: =MAX(0,Q6*N6-R6) -> 0 | T6: =IF(S6>0,ROUNDUP(S6/N6,0),0) -> 0 | U6: =L6*OUT_SHARE -> 729.75 | V6: =IF(U6>PROV_CAP,1,0) -> 0
A7: 1 | B7: 1 Base (BAU only) | C7: 6 | D7: =INDEX(Forecast!$B$2:$B$14,C7) -> 46335 | E7: =INDEX(Forecast!$C$2:$C$14,C7) -> 4653 | F7: =INDEX(Forecast!$F$2:$F$14,C7) -> 2934 | G7: =IF(A7>=2,CHANGE_CASES*INDEX(Assumptions!$C$22:$C$34,C7),0) -> 0 | H7: =IF(AND(A7=3,INDEX(Assumptions!$D$22:$D$34,C7)=1),1,0) -> 0 | I7: =1+H7*PEAK_UPLIFT -> 1 | J7: =IF(H7=1,PEAK_SHRINK,SHRINK) -> 0.3 | K7: =E7*I7 -> 4653 | L7: =(F7+G7)*I7 -> 2934 | M7: =K7*AHT_CALL/60+L7*(1-OUT_SHARE)*AHT_CASE/60 -> 1349.7 | N7: =CONTRACT_HRS*(1-J7)*OCC -> 22.3125 | O7: =M7/N7 -> 60.490756 | P7: =INDEX(Assumptions!$F$22:$F$34,C7) -> 62.125 | Q7: =MAX(0,O7-P7) -> 0 | R7: =P7*OT_HRS -> 248.5 | S7: =MAX(0,Q7*N7-R7) -> 0 | T7: =IF(S7>0,ROUNDUP(S7/N7,0),0) -> 0 | U7: =L7*OUT_SHARE -> 733.5 | V7: =IF(U7>PROV_CAP,1,0) -> 0
A8: 1 | B8: 1 Base (BAU only) | C8: 7 | D8: =INDEX(Forecast!$B$2:$B$14,C8) -> 46342 | E8: =INDEX(Forecast!$C$2:$C$14,C8) -> 4727 | F8: =INDEX(Forecast!$F$2:$F$14,C8) -> 3031 | G8: =IF(A8>=2,CHANGE_CASES*INDEX(Assumptions!$C$22:$C$34,C8),0) -> 0 | H8: =IF(AND(A8=3,INDEX(Assumptions!$D$22:$D$34,C8)=1),1,0) -> 0 | I8: =1+H8*PEAK_UPLIFT -> 1 | J8: =IF(H8=1,PEAK_SHRINK,SHRINK) -> 0.3 | K8: =E8*I8 -> 4727 | L8: =(F8+G8)*I8 -> 3031 | M8: =K8*AHT_CALL/60+L8*(1-OUT_SHARE)*AHT_CASE/60 -> 1385.0083 | N8: =CONTRACT_HRS*(1-J8)*OCC -> 22.3125 | O8: =M8/N8 -> 62.073203 | P8: =INDEX(Assumptions!$F$22:$F$34,C8) -> 62.125 | Q8: =MAX(0,O8-P8) -> 0 | R8: =P8*OT_HRS -> 248.5 | S8: =MAX(0,Q8*N8-R8) -> 0 | T8: =IF(S8>0,ROUNDUP(S8/N8,0),0) -> 0 | U8: =L8*OUT_SHARE -> 757.75 | V8: =IF(U8>PROV_CAP,1,0) -> 0
A9: 1 | B9: 1 Base (BAU only) | C9: 8 | D9: =INDEX(Forecast!$B$2:$B$14,C9) -> 46349 | E9: =INDEX(Forecast!$C$2:$C$14,C9) -> 5094 | F9: =INDEX(Forecast!$F$2:$F$14,C9) -> 3148 | G9: =IF(A9>=2,CHANGE_CASES*INDEX(Assumptions!$C$22:$C$34,C9),0) -> 0 | H9: =IF(AND(A9=3,INDEX(Assumptions!$D$22:$D$34,C9)=1),1,0) -> 0 | I9: =1+H9*PEAK_UPLIFT -> 1 | J9: =IF(H9=1,PEAK_SHRINK,SHRINK) -> 0.3 | K9: =E9*I9 -> 5094 | L9: =(F9+G9)*I9 -> 3148 | M9: =K9*AHT_CALL/60+L9*(1-OUT_SHARE)*AHT_CASE/60 -> 1460 | N9: =CONTRACT_HRS*(1-J9)*OCC -> 22.3125 | O9: =M9/N9 -> 65.434174 | P9: =INDEX(Assumptions!$F$22:$F$34,C9) -> 62.125 | Q9: =MAX(0,O9-P9) -> 3.3091737 | R9: =P9*OT_HRS -> 248.5 | S9: =MAX(0,Q9*N9-R9) -> 0 | T9: =IF(S9>0,ROUNDUP(S9/N9,0),0) -> 0 | U9: =L9*OUT_SHARE -> 787 | V9: =IF(U9>PROV_CAP,1,0) -> 0
A10: 1 | B10: 1 Base (BAU only) | C10: 9 | D10: =INDEX(Forecast!$B$2:$B$14,C10) -> 46356 | E10: =INDEX(Forecast!$C$2:$C$14,C10) -> 4338 | F10: =INDEX(Forecast!$F$2:$F$14,C10) -> 2832 | G10: =IF(A10>=2,CHANGE_CASES*INDEX(Assumptions!$C$22:$C$34,C10),0) -> 0 | H10: =IF(AND(A10=3,INDEX(Assumptions!$D$22:$D$34,C10)=1),1,0) -> 0 | I10: =1+H10*PEAK_UPLIFT -> 1 | J10: =IF(H10=1,PEAK_SHRINK,SHRINK) -> 0.3 | K10: =E10*I10 -> 4338 | L10: =(F10+G10)*I10 -> 2832 | M10: =K10*AHT_CALL/60+L10*(1-OUT_SHARE)*AHT_CASE/60 -> 1284.9 | N10: =CONTRACT_HRS*(1-J10)*OCC -> 22.3125 | O10: =M10/N10 -> 57.586555 | P10: =INDEX(Assumptions!$F$22:$F$34,C10) -> 65.125 | Q10: =MAX(0,O10-P10) -> 0 | R10: =P10*OT_HRS -> 260.5 | S10: =MAX(0,Q10*N10-R10) -> 0 | T10: =IF(S10>0,ROUNDUP(S10/N10,0),0) -> 0 | U10: =L10*OUT_SHARE -> 708 | V10: =IF(U10>PROV_CAP,1,0) -> 0
A11: 1 | B11: 1 Base (BAU only) | C11: 10 | D11: =INDEX(Forecast!$B$2:$B$14,C11) -> 46363 | E11: =INDEX(Forecast!$C$2:$C$14,C11) -> 4319 | F11: =INDEX(Forecast!$F$2:$F$14,C11) -> 2794 | G11: =IF(A11>=2,CHANGE_CASES*INDEX(Assumptions!$C$22:$C$34,C11),0) -> 0 | H11: =IF(AND(A11=3,INDEX(Assumptions!$D$22:$D$34,C11)=1),1,0) -> 0 | I11: =1+H11*PEAK_UPLIFT -> 1 | J11: =IF(H11=1,PEAK_SHRINK,SHRINK) -> 0.3 | K11: =E11*I11 -> 4319 | L11: =(F11+G11)*I11 -> 2794 | M11: =K11*AHT_CALL/60+L11*(1-OUT_SHARE)*AHT_CASE/60 -> 1272.2333 | N11: =CONTRACT_HRS*(1-J11)*OCC -> 22.3125 | O11: =M11/N11 -> 57.018861 | P11: =INDEX(Assumptions!$F$22:$F$34,C11) -> 65.125 | Q11: =MAX(0,O11-P11) -> 0 | R11: =P11*OT_HRS -> 260.5 | S11: =MAX(0,Q11*N11-R11) -> 0 | T11: =IF(S11>0,ROUNDUP(S11/N11,0),0) -> 0 | U11: =L11*OUT_SHARE -> 698.5 | V11: =IF(U11>PROV_CAP,1,0) -> 0
A12: 1 | B12: 1 Base (BAU only) | C12: 11 | D12: =INDEX(Forecast!$B$2:$B$14,C12) -> 46370 | E12: =INDEX(Forecast!$C$2:$C$14,C12) -> 4540 | F12: =INDEX(Forecast!$F$2:$F$14,C12) -> 2768 | G12: =IF(A12>=2,CHANGE_CASES*INDEX(Assumptions!$C$22:$C$34,C12),0) -> 0 | H12: =IF(AND(A12=3,INDEX(Assumptions!$D$22:$D$34,C12)=1),1,0) -> 0 | I12: =1+H12*PEAK_UPLIFT -> 1 | J12: =IF(H12=1,PEAK_SHRINK,SHRINK) -> 0.3 | K12: =E12*I12 -> 4540 | L12: =(F12+G12)*I12 -> 2768 | M12: =K12*AHT_CALL/60+L12*(1-OUT_SHARE)*AHT_CASE/60 -> 1290.8667 | N12: =CONTRACT_HRS*(1-J12)*OCC -> 22.3125 | O12: =M12/N12 -> 57.853968 | P12: =INDEX(Assumptions!$F$22:$F$34,C12) -> 65.125 | Q12: =MAX(0,O12-P12) -> 0 | R12: =P12*OT_HRS -> 260.5 | S12: =MAX(0,Q12*N12-R12) -> 0 | T12: =IF(S12>0,ROUNDUP(S12/N12,0),0) -> 0 | U12: =L12*OUT_SHARE -> 692 | V12: =IF(U12>PROV_CAP,1,0) -> 0
A13: 1 | B13: 1 Base (BAU only) | C13: 12 | D13: =INDEX(Forecast!$B$2:$B$14,C13) -> 46377 | E13: =INDEX(Forecast!$C$2:$C$14,C13) -> 4335 | F13: =INDEX(Forecast!$F$2:$F$14,C13) -> 2657 | G13: =IF(A13>=2,CHANGE_CASES*INDEX(Assumptions!$C$22:$C$34,C13),0) -> 0 | H13: =IF(AND(A13=3,INDEX(Assumptions!$D$22:$D$34,C13)=1),1,0) -> 0 | I13: =1+H13*PEAK_UPLIFT -> 1 | J13: =IF(H13=1,PEAK_SHRINK,SHRINK) -> 0.3 | K13: =E13*I13 -> 4335 | L13: =(F13+G13)*I13 -> 2657 | M13: =K13*AHT_CALL/60+L13*(1-OUT_SHARE)*AHT_CASE/60 -> 1236.425 | N13: =CONTRACT_HRS*(1-J13)*OCC -> 22.3125 | O13: =M13/N13 -> 55.414006 | P13: =INDEX(Assumptions!$F$22:$F$34,C13) -> 65.125 | Q13: =MAX(0,O13-P13) -> 0 | R13: =P13*OT_HRS -> 260.5 | S13: =MAX(0,Q13*N13-R13) -> 0 | T13: =IF(S13>0,ROUNDUP(S13/N13,0),0) -> 0 | U13: =L13*OUT_SHARE -> 664.25 | V13: =IF(U13>PROV_CAP,1,0) -> 0
... A40: 3 | B40: 3 Change + peak + absence | C40: 13 | D40: =INDEX(Forecast!$B$2:$B$14,C40) -> 46384 | E40: =INDEX(Forecast!$C$2:$C$14,C40) -> 3894 | F40: =INDEX(Forecast!$F$2:$F$14,C40) -> 2360 | G40: =IF(A40>=2,CHANGE_CASES*INDEX(Assumptions!$C$22:$C$34,C40),0) -> 0 | H40: =IF(AND(A40=3,INDEX(Assumptions!$D$22:$D$34,C40)=1),1,0) -> 0 | I40: =1+H40*PEAK_UPLIFT -> 1 | J40: =IF(H40=1,PEAK_SHRINK,SHRINK) -> 0.3 | K40: =E40*I40 -> 3894 | L40: =(F40+G40)*I40 -> 2360 | M40: =K40*AHT_CALL/60+L40*(1-OUT_SHARE)*AHT_CASE/60 -> 1103.3 | N40: =CONTRACT_HRS*(1-J40)*OCC -> 22.3125 | O40: =M40/N40 -> 49.447619 | P40: =INDEX(Assumptions!$F$22:$F$34,C40) -> 65.125 | Q40: =MAX(0,O40-P40) -> 0 | R40: =P40*OT_HRS -> 260.5 | S40: =MAX(0,Q40*N40-R40) -> 0 | T40: =IF(S40>0,ROUNDUP(S40/N40,0),0) -> 0 | U40: =L40*OUT_SHARE -> 590 | V40: =IF(U40>PROV_CAP,1,0) -> 0

Sheet Accuracy
A1: Forecast accuracy: 13-week holdout (Holt-Winters)
A2: Variance flag threshold (%) | B2: 10
A4: Week start | B4: Calls actual | C4: Calls forecast | D4: Calls variance % | E4: Calls flag | F4: Cases actual | G4: Cases forecast | H4: Cases variance % | I4: Cases flag
A5: 46209 | B5: 4241 | C5: 4205 | D5: =(B5-C5)/B5 -> 0.008488564 | E5: =IF(ABS(D5)*100>$B$2,"CHECK","OK") -> OK | F5: 2583 | G5: 2603 | H5: =(F5-G5)/F5 -> -0.0077429346 | I5: =IF(ABS(H5)*100>$B$2,"CHECK","OK") -> OK
A6: 46216 | B6: 4064 | C6: 4187 | D6: =(B6-C6)/B6 -> -0.030265748 | E6: =IF(ABS(D6)*100>$B$2,"CHECK","OK") -> OK | F6: 2771 | G6: 2776 | H6: =(F6-G6)/F6 -> -0.0018044027 | I6: =IF(ABS(H6)*100>$B$2,"CHECK","OK") -> OK
A7: 46223 | B7: 4131 | C7: 4325 | D7: =(B7-C7)/B7 -> -0.046961995 | E7: =IF(ABS(D7)*100>$B$2,"CHECK","OK") -> OK | F7: 2356 | G7: 2507 | H7: =(F7-G7)/F7 -> -0.064091681 | I7: =IF(ABS(H7)*100>$B$2,"CHECK","OK") -> OK
A8: 46230 | B8: 4347 | C8: 4049 | D8: =(B8-C8)/B8 -> 0.068553025 | E8: =IF(ABS(D8)*100>$B$2,"CHECK","OK") -> OK | F8: 2817 | G8: 2559 | H8: =(F8-G8)/F8 -> 0.091586794 | I8: =IF(ABS(H8)*100>$B$2,"CHECK","OK") -> OK
A9: 46237 | B9: 4090 | C9: 3977 | D9: =(B9-C9)/B9 -> 0.027628362 | E9: =IF(ABS(D9)*100>$B$2,"CHECK","OK") -> OK | F9: 2449 | G9: 2491 | H9: =(F9-G9)/F9 -> -0.017149857 | I9: =IF(ABS(H9)*100>$B$2,"CHECK","OK") -> OK
A10: 46244 | B10: 4295 | C10: 3979 | D10: =(B10-C10)/B10 -> 0.073573923 | E10: =IF(ABS(D10)*100>$B$2,"CHECK","OK") -> OK | F10: 2484 | G10: 2615 | H10: =(F10-G10)/F10 -> -0.05273752 | I10: =IF(ABS(H10)*100>$B$2,"CHECK","OK") -> OK
A11: 46251 | B11: 4144 | C11: 4015 | D11: =(B11-C11)/B11 -> 0.031129344 | E11: =IF(ABS(D11)*100>$B$2,"CHECK","OK") -> OK | F11: 2365 | G11: 2506 | H11: =(F11-G11)/F11 -> -0.05961945 | I11: =IF(ABS(H11)*100>$B$2,"CHECK","OK") -> OK
A12: 46258 | B12: 4340 | C12: 4436 | D12: =(B12-C12)/B12 -> -0.022119816 | E12: =IF(ABS(D12)*100>$B$2,"CHECK","OK") -> OK | F12: 2600 | G12: 2620 | H12: =(F12-G12)/F12 -> -0.0076923077 | I12: =IF(ABS(H12)*100>$B$2,"CHECK","OK") -> OK
A13: 46265 | B13: 4395 | C13: 4473 | D13: =(B13-C13)/B13 -> -0.01774744 | E13: =IF(ABS(D13)*100>$B$2,"CHECK","OK") -> OK | F13: 3026 | G13: 2923 | H13: =(F13-G13)/F13 -> 0.034038334 | I13: =IF(ABS(H13)*100>$B$2,"CHECK","OK") -> OK
A14: 46272 | B14: 4286 | C14: 4564 | D14: =(B14-C14)/B14 -> -0.064862343 | E14: =IF(ABS(D14)*100>$B$2,"CHECK","OK") -> OK | F14: 2921 | G14: 2720 | H14: =(F14-G14)/F14 -> 0.068812051 | I14: =IF(ABS(H14)*100>$B$2,"CHECK","OK") -> OK
A15: 46279 | B15: 4497 | C15: 4670 | D15: =(B15-C15)/B15 -> -0.038470091 | E15: =IF(ABS(D15)*100>$B$2,"CHECK","OK") -> OK | F15: 3096 | G15: 2792 | H15: =(F15-G15)/F15 -> 0.098191214 | I15: =IF(ABS(H15)*100>$B$2,"CHECK","OK") -> OK
A16: 46286 | B16: 4853 | C16: 4806 | D16: =(B16-C16)/B16 -> 0.0096847311 | E16: =IF(ABS(D16)*100>$B$2,"CHECK","OK") -> OK | F16: 3193 | G16: 2922 | H16: =(F16-G16)/F16 -> 0.08487316 | I16: =IF(ABS(H16)*100>$B$2,"CHECK","OK") -> OK
A17: 46293 | B17: 5075 | C17: 4810 | D17: =(B17-C17)/B17 -> 0.052216749 | E17: =IF(ABS(D17)*100>$B$2,"CHECK","OK") -> OK | F17: 2963 | G17: 2700 | H17: =(F17-G17)/F17 -> 0.08876139 | I17: =IF(ABS(H17)*100>$B$2,"CHECK","OK") -> OK
A19: MAPE | D19: =SUMPRODUCT(ABS(D5:D17))/COUNT(D5:D17) -> 0.037823241 | H19: =SUMPRODUCT(ABS(H5:H17))/COUNT(H5:H17) -> 0.0520847
A20: Bias (forecast vs actual) | D20: =(SUM(C5:C17)-SUM(B5:B17))/SUM(B5:B17) -> -0.0046160894 | H20: =(SUM(G5:G17)-SUM(F5:F17))/SUM(F5:F17) -> -0.024983157
A22: Actual and forecast values (blue) come from the Python backtest on simulated data. Seasonal naive MAPE for comparison: calls 4.7%, cases 5.5%.
